{"40": {"41": [0.011688127958269583, -4.677849454548011, 557.2498660353097, -24494.6068007888], "26": [0.036044573925839596, -15.231215663464454, 1940.9331623770213, -87464.22923534106], "39": [0.013744614507805782, -5.62639211320883, 696.7138532477262, -30676.763317253175], "17": [0.010550634695512163, -4.04564519716282, 435.6035329285173, -18777.041091724273], "20": [0.01985716726723921, -7.7844835471492, 889.9464749051801, -35970.338772303025], "14": [0.030420360223213174, -12.024183851460398, 1429.5742310407106, -60658.44939338635], "19": [0.011689105709861251, -4.557612656259422, 520.0331707851382, -22184.516484456104], "16": [0.009720166269954126, -3.8025499827006084, 424.0810132880161, -19750.135773618837], "13": [0.011471571806891493, -4.321405012617257, 463.961124256693, -20717.9221702771], "21": [0.016486712244280857, -6.880534744466204, 882.35214763402, -39107.27943866267], "25": [0.038961120677512784, -16.201396299395856, 2021.4095505439293, -90665.44583532482], "15": [0.015733058992559303, -5.209112632198084, 419.54868172500994, -13258.426508428554], "28": [0.009424212635274173, -3.5934361663593917, 378.3429782173236, -15595.414396702134], "24": [0.02654695565364178, -10.62211068525707, 1219.7242796663468, -52523.13701641371], "27": [0.04320710879381335, -17.974442501006163, 2293.3810560736238, -103240.10567214694], "38": [0.01213609971670589, -4.820140249546587, 560.8714209127394, -23735.820026566424], "18": [0.027996647554006115, -9.976540100550128, 980.3004881959884, -35804.925757367], "23": [0.03953026223845188, -16.57038610019561, 2100.858219869729, -96580.04207912614], "22": [0.009541847479966026, -3.752847973150727, 394.35792806521766, -16243.290355747975]}, "13": {"28": [0.01825386451147104, -7.589452395199928, 968.5640664255757, -44479.72740575975], "26": [0.025900361682445434, -10.415948778693712, 1206.9055707014513, -51286.638808036514], "23": [-0.01415949061528919, 7.792266705598036, -1486.172873624811, 71973.3135756208], "22": [0.012644392133124955, -5.086336379507814, 611.5229171463988, -28837.88224705431], "21": [0.029323559793252914, -12.85109726601004, 1793.360260782194, -85150.06556245121], "25": [0.03099423798958697, -12.260859778737853, 1389.5282764374408, -57545.261946089304], "41": [0.01612992426265182, -6.630061988977823, 826.759575581826, -37182.72860069892], "14": [0.012629232670925899, -5.134816444542454, 627.4577403427317, -31204.871984250716], "24": [0.024692276457738485, -9.779836172511617, 1105.7783896759618, -48473.83344008445], "13": [0.01779277544107925, -6.751138325333514, 768.4233613772054, -33668.53475097438], "19": [0.014548638586188562, -6.04479581216808, 764.5878905493778, -36587.45724197015], "18": [0.03641585728560939, -17.06401158927939, 2645.9153814528922, -147076.4546514042], "27": [0.049388414314781005, -20.917534229993223, 2769.560475651064, -131278.93436590853], "38": [0.021030139121545135, -8.99418882752447, 1204.1462596526333, -55586.98120015243], "17": [0.027179931240752877, -11.537085349568684, 1540.936914560852, -72208.21257552647], "20": [0.021067881249076676, -8.8259812599923, 1149.057700139516, -53107.67559815049], "15": [0.03228877329878175, -14.33362195947768, 2047.916347602449, -102571.0350936451], "39": [0.015794474358290858, -6.485789556078093, 802.7599357556531, -35693.317293944165], "16": [0.029419764188720447, -12.68731912873728, 1747.4408539849987, -84432.6284299203]}, "37": {"24": [0.03576389632882614, -14.563532959005379, 1775.0967029759488, -77190.63692066689], "25": [0.038826895250096846, -15.902064320366332, 1961.1296531298196, -85796.61242225626], "18": [0.012334897402888536, -4.73123478777977, 527.2770356297046, -23403.64568975744], "21": [0.013108867776148265, -5.1708021610145, 589.68585349716, -23460.301922164115], "26": [0.1589675074042614, -74.52675045192521, 11531.967550530799, -604238.6249042936], "13": [0.01056781094645327, -4.165940132732809, 473.98923329125694, -21747.637607916455], "23": [0.04613846563323646, -19.639749772393237, 2631.649526499642, -132559.98335000325], "20": [0.015940296338653764, -6.393757870445094, 763.8185165293938, -32257.982931402767], "38": [0.015186488117030548, -6.269393953462346, 782.0523011937681, -33411.35819820278], "19": [0.01020326878214766, -4.0804308637249, 469.95135064618216, -20000.79508536413], "15": [0.012811714093802938, -4.7910974315472385, 517.9693969809696, -22642.6020848071], "14": [0.011089583979905093, -4.30098644002229, 478.53595371965076, -21217.443918675996], "28": [0.01105421930377056, -4.402109299801005, 507.66132002780324, -21477.53349300794], "22": [0.01149057255826134, -4.556623695258722, 525.5550373945094, -22223.30718155626], "16": [0.011073448736437279, -4.252297291735447, 465.03907200948845, -20343.49153641781], "27": [0.03364776851440225, -13.836276878148595, 1707.9055117793466, -75512.65892191145], "17": [0.01065009337726971, -4.070890481610885, 431.7109893646063, -17958.092387459164], "41": [0.012079688636005564, -4.856223907564845, 572.6297431494279, -23996.985316177186], "39": [0.012835453717045335, -5.15824181974826, 611.7359763370017, -25581.0270469812]}, "15": {"14": [0.025709955395419974, -10.909841556777366, 1475.9079420552728, -72547.78606196544], "39": [0.020871539561530532, -8.618553790318504, 1103.4713201070765, -49913.02081906005], "41": [0.013326247783479293, -5.4856795157299985, 676.3650505168073, -30752.899234586563], "13": [0.009436693877151925, -4.036551816490057, 521.4125737027183, -29018.58209836382], "15": [0.02662781905804663, -11.882920331132215, 1738.8322162575193, -94501.83150856814], "21": [0.01242746150086523, -4.915078249184, 558.0408015655198, -23494.70814659529], "27": [0.027945612471986438, -11.37616047377569, 1354.9828816552, -61214.703325087976], "20": [0.013344245373163557, -5.432205030778014, 663.1704884895934, -31616.206515130452], "18": [0.019731254975475194, -9.241896774792448, 1426.9295239999974, -83701.35173278005], "22": [0.02128336771876994, -9.40623008807225, 1331.9884221062591, -68080.1937787274], "19": [0.011892511832687242, -4.912617609349309, 607.3825061324665, -28831.79434261919], "24": [0.0714331522604288, -31.991234107057505, 4606.898681458998, -229620.1203006499], "17": [0.029009338093331845, -12.488930568337809, 1708.2430328405912, -81703.11628765227], "16": [0.02932770822185267, -12.662274012327817, 1759.2042116502205, -86416.96544338216], "28": [0.01319580618960955, -5.5359234698016895, 710.7370335650967, -33537.40843842283], "23": [0.06132539004176756, -26.334394815806146, 3611.2437593315467, -177754.92102162162], "26": [0.02184314848605339, -8.603254305846649, 941.9226892962696, -39375.27555346921], "38": [0.013894247365215268, -5.69748408458939, 696.6250152947797, -31038.24659092908], "25": [0.01993214172873832, -7.749786636438233, 826.535562373179, -38045.05008305442]}, "23": {"18": [-0.03717317041917412, 18.61100464349758, -3092.3800011008047, 140458.98914141106], "20": [0.04282334947874821, -14.848140714206098, 1191.2560205258244, -19277.61728271925], "22": [0.014797778463802676, -4.645959243439681, 128.79635448870215, 12198.360730875887], "19": [-0.005137317214082584, 4.613942066104294, -1196.8998247369752, 67138.65937894375], "14": [0.055405484487304466, -21.212044141879616, 2326.353896602254, -89715.13954488184], "15": [-0.039687010576488976, 19.82064055715611, -3457.6056882596754, 177192.7745560798], "23": [-0.04935350179836871, 26.812581067168175, -5113.842174826445, 264699.6431618299], "28": [0.06255815538849324, -24.95650879961256, 2921.664354942657, -115161.63080862316], "13": [-0.0709794141444083, 34.66611498314644, -5700.664693819282, 283633.918191142], "25": [-0.027478762681675355, 18.882934735348513, -4376.79660491924, 256724.1566212763], "39": [0.08869378434147984, -36.92896117055759, 4705.858345288338, -200054.9359340297], "41": [0.04095612309646968, -14.731619682328633, 1351.2264495516608, -38940.417484764956], "27": [0.19409468266132052, -81.34662468756743, 10420.931649209175, -445213.76581964],