{"40": {"41": [-4.531481352336069e-07, 0.00021588387839866622, -0.03519032151948754, 3.073831177580592], "26": [-1.6796650583657766e-08, 3.451254215063546e-05, -0.008794372604309307, 1.8552640478749622], "39": [-1.3151963856581617e-07, 6.17695088500718e-05, -0.009642306678963345, 1.6257871935421653], "17": [5.285151425761959e-08, -1.8685314253247087e-05, 0.001757004834089439, 1.147079721474336], "20": [3.0578669805812867e-07, -0.0001384837832775044, 0.020625375841793848, 0.3517555007297181], "14": [1.5154642485346577e-08, -8.733663539121864e-06, 0.0014836464382631939, 1.1597121640301091], "19": [-1.8352309990603927e-09, 1.4428832202969214e-06, -0.0008199134978164414, 1.3372611659169027], "16": [-5.495745230258495e-09, 7.925311705770225e-06, -0.00212573593080206, 1.317105757630812], "13": [-1.249024462911507e-07, 5.110621584328216e-05, -0.007079991672331694, 1.5151627242738288], "21": [-2.5188774797956157e-07, 0.00011277046375549473, -0.016496236496164732, 1.9351651936083636], "25": [-4.9890250526909966e-08, 3.450023888729246e-05, -0.006379472179918011, 1.6335944348136289], "15": [2.8144578024289587e-07, -0.00013006114458053765, 0.019609095305131604, 0.27471585728418896], "28": [3.374490856620491e-07, -0.0001405449755393358, 0.018531898405841407, 0.5189101001872856], "24": [4.6618777589266033e-07, -0.0001952364010706947, 0.026903459362412802, -0.0021594759448683564], "27": [-1.8528578900344953e-07, 9.239961177066423e-05, -0.0153475094287353, 2.025009075364815], "38": [1.1329200367220977e-07, -4.1835679367823453e-05, 0.0041083567657709125, 1.1219139237006468], "18": [2.4973972741874e-07, -0.00011979869226959371, 0.018281607091922773, 0.3892296197163139], "23": [-3.237036530953889e-07, 0.00014412050945562013, -0.019961161232773073, 1.9183224714184526], "22": [6.532643191136214e-07, -0.0002897903062331898, 0.04182354727482551, -0.6620261540572504]}, "13": {"28": [2.107726428364473e-06, -0.0009638144905225246, 0.14712658310731672, -6.17182442190445], "26": [2.6496227728071605e-07, -9.826934125207069e-05, 0.009638605507495093, 1.2314494688432736], "23": [2.0650241447121176e-06, -0.0009479046253724958, 0.14436948338072528, -6.104247113869318], "22": [-8.700587244586918e-07, 0.0004593463096147525, -0.08251865741714065, 6.456710211185787], "21": [9.824376093529437e-08, -6.526305523245954e-05, 0.015023204086250698, 0.1398713161589879], "25": [2.4961911033826497e-07, -0.00010678223972008326, 0.014024286474132758, 0.8070782391470509], "41": [1.2135718212268867e-06, -0.0005783704908712731, 0.09222601897087886, -3.6089851487722493], "14": [-1.2300361165885806e-06, 0.0006264659901042419, -0.10816695838382995, 7.64420574799003], "24": [4.544111636487455e-09, 3.2699507358624575e-05, -0.01245750151664947, 2.464010079912049], "13": [1.1044555559364415e-06, -0.0005471655817721574, 0.09036200733083598, -3.7165391732537034], "19": [-8.970548769294089e-07, 0.0004804983553806571, -0.08721157799727132, 6.7647965242361625], "18": [8.779598478873127e-07, -0.0004295180032106828, 0.07048057495714691, -2.5690182923136224], "27": [-4.896519679104715e-07, 0.0002581810860068404, -0.04688683941783932, 4.211393479218049], "38": [7.909743524135994e-07, -0.0003879650210999897, 0.0646258335432178, -2.414052187970085], "17": [4.355957435791394e-07, -0.0002168526127603652, 0.03716537585997306, -0.9222567078273182], "20": [7.944704503658515e-07, -0.00038651670119034043, 0.06339804434412045, -2.1229441098507658], "15": [1.7497332422302901e-07, -0.00010599910353924508, 0.021859310569356676, -0.23827825284609455], "39": [1.1908880200479013e-06, -0.0005658596900710129, 0.09046919846378135, -3.5522618272737945], "16": [2.680643928982613e-07, -0.00015116309579979597, 0.029035367850051893, -0.6425895814915774]}, "37": {"24": [1.6143683906090812e-07, -7.849451364984931e-05, 0.012811800692813095, 0.5291841230935573], "25": [1.0442800293093128e-07, -5.0730603259818026e-05, 0.008173737582674668, 0.8702752423951842], "18": [9.581131020361696e-08, -6.563366502436555e-05, 0.013895262437096026, 0.30218957555780085], "21": [5.304994770937519e-07, -0.00026020203137684027, 0.04263135927332343, -1.074009366058363], "26": [1.2401348843915009e-06, -0.0005829259995571451, 0.0894682669610939, -3.1669794343583018], "13": [1.8342528860670239e-07, -0.00010218189605951221, 0.018941352338925212, 0.015487553290023935], "23": [1.3133574101066676e-07, -5.2841653307237184e-05, 0.004836003032312978, 1.29151368512578], "20": [7.920198594062683e-08, -5.383758936650648e-05, 0.011360682975241204, 0.609268364822658], "38": [-3.505976561028555e-07, 0.0001246875179842907, -0.01177613086263443, 1.2661316182316633], "19": [2.3813895966520798e-07, -0.00012486070575200856, 0.022143447226470554, -0.06152935458170237], "15": [1.9475013967978647e-07, -0.00010615892433381348, 0.019034743052514725, 0.0896123304801801], "14": [1.9627976180703035e-07, -0.00010334097153877571, 0.018319654966598244, 0.09945566156269572], "28": [3.0154246721065576e-07, -0.00014961507688025184, 0.024937383174523257, -0.1405352111908897], "22": [2.7463611609922924e-07, -0.00014195996427155614, 0.02451782614964965, -0.1229701129995697], "16": [3.106378425935979e-07, -0.0001522221105816124, 0.025055850524413295, -0.20101803276355826], "27": [6.969916973920398e-08, -3.751944281134358e-05, 0.006783818014561167, 0.7888021196827524], "17": [5.249113268627358e-07, -0.0002428124840014592, 0.03739363123544664, -0.7210370696632691], "41": [1.0365713097233818e-07, -6.906086381737648e-05, 0.014806282137506052, 0.15392838211658655], "39": [-8.253893645687822e-09, -2.212453060352979e-05, 0.008185949850020212, 0.45728371218798347]}, "15": {"14": [2.856328973893758e-06, -0.0012844414341405762, 0.19167669412788074, -8.253090496090211], "39": [2.567378289745576e-06, -0.0011693450939167741, 0.17702755319780744, -7.629799452762958], "41": [1.4143094202011164e-06, -0.000653848325836094, 0.10120090836356031, -3.920954069225572], "13": [1.1693678055658362e-06, -0.0005394125475075747, 0.08330027542281741, -3.0309062389046177], "15": [7.091948774946171e-07, -0.00033742006068637444, 0.05352356235139961, -1.5371591727223122], "21": [1.5807426392666466e-06, -0.0007286353701997357, 0.11165285377139456, -4.3123621379133805], "27": [1.9750049202611176e-06, -0.0009208199543255263, 0.14295737450224466, -6.1108715269717155], "20": [1.2292058635617501e-06, -0.0005731405698024515, 0.08917438360659889, -3.2130492387156924], "18": [9.861797151129057e-07, -0.00047696818683818195, 0.07741236844015101, -2.9135388024906392], "22": [1.2101676291601388e-06, -0.0005691671272445849, 0.08943153608600517, -3.336952029508934], "19": [1.2958172585100626e-06, -0.0005989936018323771, 0.09246081008812887, -3.3993042405093057], "24": [7.782285870513006e-07, -0.0003557939889946621, 0.054305026194327886, -1.5042511153657208], "17": [3.8559892236134417e-07, -0.00017983496427389297, 0.02860953545857099, -0.29829024253644104], "16": [2.452468572489552e-07, -0.00012235970740107985, 0.02083647129676414, 0.02612304262931974], "28": [1.2306048375866775e-06, -0.0005705808932604474, 0.08832446721046043, -3.2608181843386412], "23": [8.636116180143231e-07, -0.00040032779060441165, 0.06171441375860427, -1.9785966958802654], "26": [2.5338744848004667e-06, -0.0011736958150077898, 0.18046296428623249, -7.877691221908994], "38": [1.4684407514565557e-06, -0.0006796721114338979, 0.10509193261741563, -4.104126167457112], "25": [1.5532922289375655e-06, -0.0007158486998163174, 0.10947001215566626, -4.227286500830035]}, "23": {"18": [9.931996576528293e-07, -0.0004403781536775159, 0.06290027350755201, -1.6311811448712874], "20": [4.429899626569899e-07, -0.00018934237754436318, 0.025693628187555818, 0.24959513712503664], "22": [1.222142614784208e-06, -0.0005587320182053886, 0.0844073326044662, -2.9086018593012932], "19": [1.8915203389741782e-06, -0.0008324732406447551, 0.11840674733324956, -4.124884796133866], "14": [5.858319779027492e-07, -0.0002771426322632828, 0.04318523479478306, -0.9560879861613414],